"","plot_id","ID","AGB","DataFile","FileTitle","Total.return.count","Total.return.count.above.2.00","Return.1.count.above.2.00","Return.2.count.above.2.00","Return.3.count.above.2.00","Return.4.count.above.2.00","Return.5.count.above.2.00","Return.6.count.above.2.00","Return.7.count.above.2.00","Return.8.count.above.2.00","Return.9.count.above.2.00","Other.return.count.above.2.00","Elev.minimum","Elev.maximum","Elev.mean","Elev.mode","Elev.stddev","Elev.variance","Elev.CV","Elev.IQ","Elev.skewness","Elev.kurtosis","Elev.AAD","Elev.MAD.median","Elev.MAD.mode","Elev.L1","Elev.L2","Elev.L3","Elev.L4","Elev.L.CV","Elev.L.skewness","Elev.L.kurtosis","Elev.P01","Elev.P05","Elev.P10","Elev.P20","Elev.P25","Elev.P30","Elev.P40","Elev.P50","Elev.P60","Elev.P70","Elev.P75","Elev.P80","Elev.P90","Elev.P95","Elev.P99","Canopy.relief.ratio","Elev.SQRT.mean.SQ","Elev.CURT.mean.CUBE","Int.minimum","Int.maximum","Int.mean","Int.mode","Int.stddev","Int.variance","Int.CV","Int.IQ","Int.skewness","Int.kurtosis","Int.AAD","Int.L1","Int.L2","Int.L3","Int.L4","Int.L.CV","Int.L.skewness","Int.L.kurtosis","Int.P01","Int.P05","Int.P10","Int.P20","Int.P25","Int.P30","Int.P40","Int.P50","Int.P60","Int.P70","Int.P75","Int.P80","Int.P90","Int.P95","Int.P99","Percentage.first.returns.above.2.00","Percentage.all.returns.above.2.00","X.All.returns.above.2.00.....Total.first.returns....100","First.returns.above.2.00","All.returns.above.2.00","Percentage.first.returns.above.mean","Percentage.first.returns.above.mode","Percentage.all.returns.above.mean","Percentage.all.returns.above.mode","X.All.returns.above.mean.....Total.first.returns....100","X.All.returns.above.mode.....Total.first.returns....100","First.returns.above.mean","First.returns.above.mode","All.returns.above.mean","All.returns.above.mode","Total.first.returns","Total.all.returns"
"1",1,"T1_P1",259.085979199999,"C:\NRS_404_504\00_app\01_data\processing\07_polyclipdata\WebModelingApp_plot_1.laz","WebModelingApp_plot_1",163196,158933,100253,58680,0,0,0,0,0,0,0,0,2.01,51.540001,23.004575,21.664762,8.302693,68.934716,0.360915,10.370001,-0.120809,3.319898,6.475876,5.209999,5.475237,23.004575,4.629803,-0.204207,0.666418,0.201256,-0.044107,0.143941,3.18,7.49,11.63,16.92,18.33,19.360001,21.33,23.139999,25.200001,27.610001,28.700001,29.93,33.040001,34.849998,46.09,0.423876,24.456998,25.643311,1,43,12.279332,1,8.356426,69.829852,0.680528,14,0.433287,2.190472,7.164937,12.279332,4.756881,0.539927,0.082553,0.387389,0.113504,0.017354,1,1,2,4,5,6,8,11,14,17,19,20,24,27,31,99.048569,97.387804,157.023593,100253,158933,59.346348,67.808449,49.417878,56.660702,79.679102,91.357098,60068,68633,80648,92468,101216,163196
"2",2,"T1_P2",167.567309999999,"C:\NRS_404_504\00_app\01_data\processing\07_polyclipdata\WebModelingApp_plot_2.laz","WebModelingApp_plot_2",124899,115831,76822,39009,0,0,0,0,0,0,0,0,2.01,37.02,18.547262,24.238572,8.764969,76.824676,0.472575,14.279999,-0.272186,2.008072,7.542292,6.309999,5.568572,18.547262,4.996839,-0.426354,0.164896,0.269411,-0.085325,0.033,2.3,3.61,5.18,9.11,10.93,12.97,17.379999,20.76,22.74,24.360001,25.209999,26.209999,28.469999,31.049999,35.240002,0.472358,20.514018,21.877843,1,44,12.633319,1,8.386167,70.327799,0.663813,14,0.357557,2.086972,7.21948,12.633319,4.791519,0.452925,0.05544,0.379276,0.094526,0.01157,1,1,2,4,5,6,9,12,15,18,19,21,24,27,31,96.151295,92.739734,144.975406,76822,115831,62.339011,35.042617,53.153348,28.594304,83.091981,44.700051,49807,27998,66388,35714,79897,124899
"3",5,"T2_P1",225.457288599999,"C:\NRS_404_504\00_app\01_data\processing\07_polyclipdata\WebModelingApp_plot_5.laz","WebModelingApp_plot_5",172241,163533,108402,55131,0,0,0,0,0,0,0,0,2.01,37.41,22.336908,31.229047,8.756066,76.668696,0.392,12.84,-0.601055,2.423107,7.195534,6.269999,7.429048,22.336908,4.933624,-0.750424,0.323322,0.220873,-0.152104,0.065534,2.6,5.08,8.37,14.31,16.83,18.610001,21.700001,23.799999,25.98,28.57,29.67,30.709999,32.380001,33.630001,35.490002,0.574206,23.991783,25.134635,1,188,14.879186,1,15.556317,241.998985,1.045509,15,4.331818,30.374286,9.276226,14.879186,6.557131,1.903746,1.406948,0.440691,0.290332,0.214568,1,1,2,4,5,7,9,13,16,19,20,22,26,30,99,97.695545,94.944293,147.381465,108402,163533,64.300327,22.237944,54.299499,15.904459,84.288791,24.688398,71347,24675,93526,27394,110959,172241
"4",6,"T2_P2",262.1915945,"C:\NRS_404_504\00_app\01_data\processing\07_polyclipdata\WebModelingApp_plot_6.laz","WebModelingApp_plot_6",201415,199075,118668,80407,0,0,0,0,0,0,0,0,2.01,42.790001,24.875137,29.843969,7.287056,53.101188,0.292945,8.780001,-0.938105,3.266508,5.767423,3.889999,3.863969,24.875137,3.968749,-0.876166,0.503192,0.159547,-0.220766,0.126788,4.6,10.25,13.2,18.959999,21.41,23,25.129999,26.74,28.280001,29.639999,30.190001,30.700001,32.25,33.650002,36.34,0.560695,25.92052,26.680135,1,187,15.053422,1,16.817642,282.833081,1.117197,15,3.645952,20.876559,10.17665,15.053422,7.17137,2.568735,1.784149,0.476395,0.358193,0.248788,1,1,2,4,5,6,8,12,15,18,20,22,27,33,100,99.93263,98.83822,167.644929,118668,199075,75.480008,40.177519,60.67274,27.910533,102.910365,47.340587,89631,47710,122204,56216,118748,201415
"5",7,"T2_P3",199.295725,"C:\NRS_404_504\00_app\01_data\processing\07_polyclipdata\WebModelingApp_plot_7.laz","WebModelingApp_plot_7",142307,138772,89273,49499,0,0,0,0,0,0,0,0,2.01,43.720001,20.981457,25.844286,6.758015,45.670763,0.322095,9.549999,-0.395798,3.074106,5.500862,4.689999,4.594286,20.981457,3.784616,-0.383762,0.395242,0.180379,-0.101401,0.104434,3.5471,8.28,11.89,15.43,16.42,17.33,19.870001,22.059999,23.73,25.219999,25.969999,26.709999,28.690001,30.16,33.43,0.454842,22.042957,22.887297,1,188,17.539143,1,19.677691,387.211509,1.12193,16,3.32124,16.7423,11.719654,17.539143,8.397707,3.162029,2.359611,0.478798,0.376535,0.280983,1,1,3,5,6,7,10,14,17,20,22,24,30,49,112,99.568369,97.515934,154.77582,89273,138772,64.627482,33.825563,54.030371,25.269312,85.75619,40.107071,57945,30328,76889,35960,89660,142307
"6",8,"T2_P4",279.9630667,"C:\NRS_404_504\00_app\01_data\processing\07_polyclipdata\WebModelingApp_plot_8.laz","WebModelingApp_plot_8",160632,156782,97735,59047,0,0,0,0,0,0,0,0,2.01,42.68,21.666456,23.313333,7.266985,52.809069,0.335403,8.949999,-0.581966,3.242864,5.687819,4.190001,4.123333,21.666456,4.001079,-0.594113,0.581574,0.184667,-0.148488,0.145354,3.27,6.95,10.49,16.049999,17.780001,19.18,21.389999,23.09,24.469999,25.959999,26.73,27.43,29.18,30.719999,39.240002,0.483316,22.85266,23.740365,1,178,16.861374,1,19.37989,375.580122,1.149366,16,3.458288,17.883593,11.413394,16.861374,8.156487,3.092481,2.287617,0.483738,0.379144,0.280466,1,1,2,4,5,7,10,13,16,20,21,23,28,45,112,99.651294,97.603217,159.856031,97735,156782,70.848415,60.543247,57.227078,47.283854,93.727377,77.442214,69486,59379,91925,75953,98077,160632
"7",9,"T3_P1",242.2509785,"C:\NRS_404_504\00_app\01_data\processing\07_polyclipdata\WebModelingApp_plot_9.laz","WebModelingApp_plot_9",145708,141152,88507,52645,0,0,0,0,0,0,0,0,2.01,40.849998,20.968625,26.670316,9.033155,81.597892,0.430794,13.57,-0.010813,2.141982,7.542151,6.699999,7.790318,20.968625,5.189567,-0.009409,0.300215,0.247492,-0.001813,0.05785,2.82,6.09,8.87,12.36,13.73,15.29,18.469999,21.040001,23.790001,26.360001,27.299999,28.66,34.118999,35.610001,37.73,0.488121,22.831569,24.297523,1,55,17.296028,1,11.876551,141.052458,0.686663,21,0.267913,1.889903,10.400212,17.296028,6.803409,0.526422,-0.092423,0.393351,0.077376,-0.013585,1,1,2,5,6,8,12,16,21,25,27,29,34,37,42,98.910395,96.873198,157.743457,88507,141152,57.599294,34.085067,48.765339,27.413045,79.407032,44.638028,51541,30500,71055,39943,89482,145708
"8",10,"T3_P2",190.779401699999,"C:\NRS_404_504\00_app\01_data\processing\07_polyclipdata\WebModelingApp_plot_10.laz","WebModelingApp_plot_10",98308,93491,59309,34182,0,0,0,0,0,0,0,0,2.01,45.98,18.622832,11.083175,10.452813,109.261304,0.56129,17.24,0.404689,2.088326,8.96162,7.809999,7.266826,18.622832,5.962085,0.655865,0.167987,0.320149,0.110006,0.028176,2.51,4.16,5.93,8.96,10.08,11.2,13.4,16.6,20.469999,24.66,27.32,29.690001,33.240002,37.605,41.130001,0.377822,21.355796,23.528383,1,58,16.317827,1,11.567524,133.807617,0.708889,19,0.441916,2.166899,9.942472,16.317827,6.581636,0.781243,0.07457,0.40334,0.1187,0.01133,1,1,2,5,6,7,11,15,19,23,25,28,33,37,43,97.409914,95.100094,153.550898,59309,93491,50.180666,76.630096,42.882573,67.057615,69.239234,108.272838,30553,46657,42157,65923,60886,98308
"9",11,"T3_P3",301.199910999999,"C:\NRS_404_504\00_app\01_data\processing\07_polyclipdata\WebModelingApp_plot_11.laz","WebModelingApp_plot_11",190180,184824,107858,76966,0,0,0,0,0,0,0,0,2.01,48.669998,23.865475,21.266507,10.49408,110.125708,0.439718,16.230001,0.056945,2.251801,8.709133,7.919999,7.933494,23.865475,6.008021,0.100506,0.426409,0.251745,0.016729,0.070973,2.93,6.27,9.64,14.92,16.49,17.93,20.57,22.73,25.940001,30.75,32.720001,34.369999,37.669998,40.950001,45.467701,0.468399,26.070789,27.825098,1,53,13.280321,1,10.16113,103.248571,0.765127,17,0.685363,2.530517,8.625557,13.280321,5.686223,1.039188,0.171231,0.428169,0.182755,0.030113,1,1,2,4,4,5,8,11,15,19,21,23,28,32,39,99.032246,97.183721,169.700309,107858,184824,52.229323,66.468341,44.090861,55.393837,76.990598,96.727633,56884,72392,83852,105348,108912,190180
"10",12,"T3_P4",179.5560714,"C:\NRS_404_504\00_app\01_data\processing\07_polyclipdata\WebModelingApp_plot_12.laz","WebModelingApp_plot_12",187196,164116,104703,59413,0,0,0,0,0,0,0,0,2.01,37.91,19.704924,32.211587,10.881351,118.403803,0.552215,20.879999,-0.044483,1.668619,9.500094,10.450001,12.261586,19.704924,6.268127,-0.100532,-0.202081,0.3181,-0.016039,-0.032239,2.17,3,4.48,7.73,9.84,11.91,16.049999,19.950001,23.02,28.51,30.719999,32.080002,34.07,35.150002,36.709999,0.492895,22.509712,24.437103,1,57,13.702052,1,10.06315,101.266983,0.734426,16,0.631548,2.582175,8.499353,13.702052,5.66042,0.889098,0.191882,0.413107,0.157073,0.033899,1,1,2,4,5,6,9,12,15,19,21,23,28,32,39,92.202223,87.670677,144.521742,104703,164116,54.894415,24.510823,44.432573,16.943204,73.24539,27.930221,62337,27834,83176,31717,113558,187196
"11",13,"T4_P1",303.650288199999,"C:\NRS_404_504\00_app\01_data\processing\07_polyclipdata\WebModelingApp_plot_13.laz","WebModelingApp_plot_13",172633,166118,106810,59308,0,0,0,0,0,0,0,0,2.01,38.75,17.960699,20.671587,7.652874,58.566486,0.42609,12.210001,-0.128264,2.107184,6.481523,6.08,5.928413,17.960699,4.397119,-0.162584,0.193349,0.244819,-0.036975,0.043972,2.67,4.98,7.23,10.45,12.07,13.4,15.85,18.34,20.879999,23.15,24.280001,25.360001,27.6,29.309999,32.639999,0.434151,19.523136,20.717341,1,56,16.174418,1,11.101214,123.236962,0.686344,19,0.386181,2.127237,9.53632,16.174418,6.33414,0.645024,0.076998,0.391615,0.101833,0.012156,1,1,2,5,6,7,11,15,19,23,25,27,32,35,41,98.716254,96.226098,153.53007,106810,166118,59.605911,49.640015,49.507916,39.390499,78.990564,62.848085,64493,53710,85467,68001,108199,172633
"12",14,"T4_P2",183.1597284,"C:\NRS_404_504\00_app\01_data\processing\07_polyclipdata\WebModelingApp_plot_14.laz","WebModelingApp_plot_14",195509,183771,119252,64519,0,0,0,0,0,0,0,0,2.01,42.16,18.086507,24.315555,7.171308,51.427663,0.3965,11.54,-0.328753,2.175121,6.103855,5.540001,5.415556,18.086507,4.094014,-0.374282,0.17746,0.226357,-0.091422,0.043346,2.68,5.32,7.67,11.08,12.39,13.64,16.610001,19.290001,21.299999,23.09,23.93,24.790001,26.6,27.98,30.879999,0.400411,19.456339,20.476604,1,53,15.129259,1,10.37542,107.649342,0.685785,17,0.396098,2.140377,8.906071,15.129259,5.91781,0.616629,0.08138,0.39115,0.104199,0.013752,1,1,2,4,6,7,10,14,18,21,23,25,30,33,39,96.742843,93.996184,149.083696,119252,183771,63.940065,29.486399,52.188902,21.422032,82.77479,33.976652,78817,36347,102034,41882,123267,195509
"13",15,"T4_P3",168.6651773,"C:\NRS_404_504\00_app\01_data\processing\07_polyclipdata\WebModelingApp_plot_15.laz","WebModelingApp_plot_15",230020,202668,121936,80732,0,0,0,0,0,0,0,0,2.01,38.610001,19.473529,29.314762,10.505976,110.375531,0.5395,20.009999,-0.124591,1.609152,9.410994,9.530001,8.724762,19.473529,6.034747,-0.246459,-0.263128,0.309895,-0.04084,-0.043602,2.22,3.23,4.79,7.88,9.29,11.32,15.4,20.629999,24.629999,28.17,29.299999,30.280001,32.509998,34.02,36.299999,0.477146,22.126756,23.921271,1,57,12.817919,1,9.710512,94.294043,0.757573,16,0.698259,2.569156,8.191027,12.817919,5.431751,0.996249,0.201132,0.423762,0.183412,0.037029,1,1,2,4,4,5,8,10,14,18,20,22,27,31,37,92.930525,88.10886,154.458434,121936,202668,54.344115,30.565802,46.008608,21.952874,80.654971,38.484285,71306,40106,105829,50496,131212,230020
"14",16,"T4_P4",233.162956299999,"C:\NRS_404_504\00_app\01_data\processing\07_polyclipdata\WebModelingApp_plot_16.laz","WebModelingApp_plot_16",268685,264484,163259,101225,0,0,0,0,0,0,0,0,2.01,50.41,24.72502,30.435397,9.721659,94.510656,0.393191,13.52,-0.096874,2.490292,8.000652,6.740002,7.595397,24.72502,5.540264,-0.166893,0.507609,0.224075,-0.030124,0.091622,3.8083,7.75,11.1,16.23,18.09,19.499001,22.18,25.299999,28.129999,30.469999,31.610001,33.150002,36.900002,40.310001,46.299999,0.469319,26.567591,28.035813,1,55,13.626809,1,9.446897,89.243868,0.693258,16,0.454976,2.245176,8.095021,13.626809,5.370669,0.63078,0.090541,0.394125,0.117449,0.016858,1,1,2,4,5,6,9,12,16,19,21,23,27,30,36,99.701979,98.436459,161.519906,163259,264484,57.426396,36.221732,50.945159,29.725143,83.593593,48.774634,94034,59312,136882,79867,163747,268685
"15",18,"T5_P2",153.865289499999,"C:\NRS_404_504\00_app\01_data\processing\07_polyclipdata\WebModelingApp_plot_18.laz","WebModelingApp_plot_18",118647,115883,74514,41369,0,0,0,0,0,0,0,0,2.01,38.139999,16.823349,12.906349,7.870654,61.947197,0.467841,11.26,0.569863,2.449958,6.504723,4.81,4.533651,16.823349,4.419499,0.651887,0.370185,0.2627,0.147502,0.083762,3.21,6.141,7.78,10.264,11.16,11.97,13.39,14.8,16.75,20.17,22.42,25.07,28.83,31.48,35.529999,0.410001,18.573415,20.137154,1,60,18.003357,1,12.403103,153.836969,0.688933,22,0.352281,2.105843,10.669806,18.003357,7.085355,0.650625,0.066433,0.393557,0.091827,0.009376,1,1,2,5,6,8,13,17,22,26,28,30,35,39,46,99.637628,97.6704,154.954871,74514,115883,44.714849,71.848633,38.83284,62.117036,61.608611,98.549174,33440,53732,46074,73700,74785,118647
"16",19,"T5_P3",202.8012979,"C:\NRS_404_504\00_app\01_data\processing\07_polyclipdata\WebModelingApp_plot_19.laz","WebModelingApp_plot_19",136930,129847,79329,50518,0,0,0,0,0,0,0,0,2.01,41.939999,19.216285,15.32,8.7289,76.19369,0.454245,13.03,0.134256,2.346831,7.254054,6.549999,6.870001,19.216285,4.995059,0.125618,0.369593,0.259939,0.025148,0.073992,2.58,5.02,7.49,11.21,12.71,14.02,16.4,18.790001,21.57,24.35,25.74,27.25,30.48,34.09,38.830002,0.430911,21.105893,22.622468,1,67,16.54019,1,12.252285,150.118494,0.740758,21,0.548648,2.352862,10.475871,16.54019,6.925321,0.999585,0.123203,0.418697,0.144338,0.01779,1,1,2,4,5,7,10,15,19,24,26,28,34,38,46,97.422263,94.827284,159.462347,79329,129847,57.883038,73.555779,46.0352,61.365661,77.413175,103.193005,47133,59895,63036,84028,81428,136930
"17",20,"T5_P4",257.1295968,"C:\NRS_404_504\00_app\01_data\processing\07_polyclipdata\WebModelingApp_plot_20.laz","WebModelingApp_plot_20",168888,162021,100706,61315,0,0,0,0,0,0,0,0,2.01,47.049999,22.344061,28.462063,10.143508,102.890755,0.453969,14.09,-0.023493,2.436906,8.272884,6.41,7.697937,22.344061,5.764583,-0.132277,0.572791,0.257992,-0.022946,0.099364,2.58,4.81,7.75,12.58,14.58,16.76,20.549999,23.639999,25.860001,27.709999,28.67,29.66,35.66,40.290001,44.189999,0.451467,24.538688,26.22092,1,65,17.715599,1,12.727032,161.977337,0.718408,22,0.452933,2.210143,10.913806,17.715599,7.235647,0.866608,0.095775,0.408434,0.119769,0.013236,1,1,2,5,6,8,12,16,21,25,28,30,36,40,47,98.03933,95.933992,157.730724,100706,162021,64.147196,31.296729,52.272512,25.171119,85.944315,41.385319,65892,32148,88282,42511,102720,168888
"18",21,"T6_P1",254.157376499999,"C:\NRS_404_504\00_app\01_data\processing\07_polyclipdata\WebModelingApp_plot_21.laz","WebModelingApp_plot_21",163180,159165,100996,58169,0,0,0,0,0,0,0,0,2.01,43.959999,20.837783,20.654444,7.986059,63.777131,0.383249,12.429999,-0.040053,2.489462,6.548393,6.14,6.215557,20.837783,4.552159,-0.093841,0.381993,0.218457,-0.020615,0.083915,3.4064,7.62,10.18,13.25,14.45,16.059999,19.27,21.200001,23.35,25.540001,26.879999,28.01,30.48,33.040001,39,0.448815,22.315688,23.522101,1,61,17.533911,1,12.08842,146.129893,0.689431,22,0.282935,1.910161,10.549014,17.533911,6.923681,0.564481,-0.071574,0.394874,0.081529,-0.010338,1,1,2,5,6,8,12,17,21,26,28,30,34,38,43,99.763916,97.539527,157.223292,100996,159165,62.494197,63.618314,50.667974,51.623974,81.671359,83.212328,63266,64404,82680,84240,101235,163180
"19",22,"T6_P2",138.7107204,"C:\NRS_404_504\00_app\01_data\processing\07_polyclipdata\WebModelingApp_plot_22.laz","WebModelingApp_plot_22",103703,99654,64730,34924,0,0,0,0,0,0,0,0,2.01,39.349998,16.690988,16.234761,7.701354,59.31086,0.461408,10.509999,0.381068,2.801077,6.099201,5.26,5.234761,16.690988,4.349136,0.291961,0.508201,0.260568,0.067131,0.116851,2.78,4.76,6.44,9.78,11.06,12.37,14.75,16.35,17.9,20.09,21.57,23.02,27.07,31.040001,36.330002,0.393171,18.382039,19.826687,1,150,19.007606,1,15.222373,231.720633,0.800857,21,1.901535,10.782734,11.474368,19.007606,7.86967,1.428822,0.830501,0.414027,0.181561,0.105532,1,1,3,5,7,9,13,17,22,26,28,30,35,40,80,98.889347,96.095581,152.243458,64730,99654,54.023252,57.839498,45.541595,48.834653,72.151183,77.368349,35362,37860,47228,50643,65457,103703
"20",23,"T6_P3",338.875753799999,"C:\NRS_404_504\00_app\01_data\processing\07_polyclipdata\WebModelingApp_plot_23.laz","WebModelingApp_plot_23",116470,112428,68795,43633,0,0,0,0,0,0,0,0,2.01,43.32,23.202307,29.55,9.898969,97.989587,0.426637,14.560001,-0.459541,2.190184,8.291308,6.469999,6.179999,23.202307,5.604867,-0.716239,0.312577,0.241565,-0.127789,0.055769,2.82,5.03,7.5,12.61,16.129999,18.33,22.559999,25.360001,27.92,29.93,30.690001,31.610001,34.66,36.529999,40.619999,0.513007,25.225697,26.621052,1,171,18.567554,1,17.479944,305.548453,0.941424,21,2.743588,15.473127,12.116212,18.567554,8.372895,2.153832,1.293919,0.450942,0.257239,0.154537,1,1,2,5,6,7,11,16,20,24,27,29,35,40,101,99.274149,96.529578,162.238448,68795,112428,65.631043,40.213282,55.604018,31.087834,93.454357,52.249704,45481,27867,64762,36208,69298,116470
"21",24,"T6_P4",260.9731578,"C:\NRS_404_504\00_app\01_data\processing\07_polyclipdata\WebModelingApp_plot_24.laz","WebModelingApp_plot_24",222551,217592,139860,77732,0,0,0,0,0,0,0,0,2.01,52.849998,21.336227,21.377618,8.447452,71.359442,0.395921,9.51,0.094729,2.838898,6.52683,4.74,4.747619,21.336227,4.743074,0.06099,0.726567,0.222301,0.012859,0.153185,3.18,6.64,9.74,14.45,16.34,17.639999,19.639999,21.440001,23.07,24.84,25.85,27.32,33.869999,36.970001,40.34,0.380138,22.947629,24.293661,1,172,18.984485,1,16.146299,260.702987,0.8505,22,2.442916,15.018209,11.753256,18.984485,8.03838,1.511663,0.883561,0.423418,0.188056,0.109918,1,1,2,5,6,8,12,17,22,26,28,30,35,39,91,99.653713,97.771747,155.039688,139860,217592,60.641557,60.424237,49.46911,49.26017,78.444701,78.113377,85108,84803,110094,109629,140346,222551
"22",25,"T7_P1",214.3705691,"C:\NRS_404_504\00_app\01_data\processing\07_polyclipdata\WebModelingApp_plot_25.laz","WebModelingApp_plot_25",166432,147589,95275,52314,0,0,0,0,0,0,0,0,2.01,39.939999,20.925345,26.694602,9.60082,92.17575,0.458813,14.830001,-0.13689,2.064816,8.136826,7.33,7.554603,20.925345,5.517403,-0.216853,0.252313,0.263671,-0.039303,0.04573,2.44,4.61,7.2,11.28,13.44,15.12,18.5,21.85,24.690001,27.139999,28.27,29.610001,33.34,36.470001,38.581202,0.498691,23.02271,24.567392,1,160,13.452358,1,12.658417,160.235509,0.940981,15,3.559551,26.075078,8.603749,13.452358,5.891994,1.487894,0.838623,0.43799,0.252528,0.142333,1,1,2,4,5,6,8,11,14,18,20,21,26,29,69,93.182129,88.678259,144.346967,95275,147589,57.005653,36.939342,46.729595,28.534176,76.064589,46.446805,58286,37769,77773,47490,102246,166432
"23",26,"T7_P2",477.6927759,"C:\NRS_404_504\00_app\01_data\processing\07_polyclipdata\WebModelingApp_plot_26.laz","WebModelingApp_plot_26",134752,127755,86278,41477,0,0,0,0,0,0,0,0,2.01,42.950001,27.639986,31.902699,8.10293,65.65748,0.29316,10.98,-0.663437,3.239612,6.586687,5.33,5.542698,27.639986,4.510087,-0.565529,0.518351,0.163173,-0.125392,0.114931,4.83,11.79,17.139999,21.370001,22.459999,23.58,25.93,29.200001,31.33,32.709999,33.439999,34.27,36.720001,39.700001,41.77,0.626038,28.803225,29.703515,1,48,11.753787,1,8.195073,67.159215,0.697228,12,0.618366,2.590264,6.850561,11.753787,4.615797,0.689475,0.221976,0.392707,0.149373,0.04809,1,1,2,4,5,6,8,10,13,16,17,19,24,27,32,95.888949,94.807498,141.986285,86278,127755,60.78998,42.529758,51.703129,34.106358,77.43201,51.078609,54697,38267,69671,45959,89977,134752
"24",27,"T7_P3",201.4870697,"C:\NRS_404_504\00_app\01_data\processing\07_polyclipdata\WebModelingApp_plot_27.laz","WebModelingApp_plot_27",120681,106432,68150,38282,0,0,0,0,0,0,0,0,2.01,41.66,22.385294,30.960794,9.369675,87.790807,0.418564,13.15,-0.394232,2.364351,7.680653,6.51,7.860793,22.385294,5.325175,-0.515235,0.426988,0.237887,-0.096755,0.080183,2.3631,4.62,7.82,13.86,16.51,18.23,20.98,23.450001,25.940001,28.427,29.66,30.9,33.689999,35.889999,39.139999,0.513879,24.267084,25.605798,1,46,11.760307,1,8.359876,69.887535,0.710855,13,0.64711,2.599292,7.023229,11.760307,4.698364,0.751331,0.206097,0.39951,0.159913,0.043866,1,1,2,4,5,5,8,10,13,16,18,19,24,27,33,90.597291,88.192839,141.48864,68150,106432,55.363386,23.429004,47.655389,17.383847,76.45401,27.889076,41646,17624,57511,20979,75223,120681
"25",28,"T7_P4",162.4968359,"C:\NRS_404_504\00_app\01_data\processing\07_polyclipdata\WebModelingApp_plot_28.laz","WebModelingApp_plot_28",147406,137952,90738,47214,0,0,0,0,0,0,0,0,2.01,43.110001,19.576946,4.619524,10.550385,111.310631,0.538919,17.63,0.001662,1.902096,9.077263,8.36,16.200476,19.576946,6.068876,-0.016637,0.092326,0.310001,-0.002741,0.015213,2.36,3.66,4.77,7.53,9.87,12.16,16.6,20.82,23.809999,26.26,27.5,29,34.189999,36.540001,40.084901,0.42742,22.238854,24.125646,1,47,13.468728,1,8.920018,79.566724,0.662276,15,0.3812,2.159517,7.642973,13.468728,5.091103,0.496457,0.093352,0.377994,0.097515,0.018336,1,1,2,4,5,7,9,13,16,19,20,22,26,29,34,95.528768,93.586421,145.235564,90738,137952,57.149024,89.183555,49.560398,84.919881,76.912144,131.786071,54283,84711,73055,125177,94985,147406
"26",29,"T8_P1",267.656378299999,"C:\NRS_404_504\00_app\01_data\processing\07_polyclipdata\WebModelingApp_plot_29.laz","WebModelingApp_plot_29",145700,142183,101598,40585,0,0,0,0,0,0,0,0,2.01,42.950001,21.844258,23.454762,8.371185,70.076737,0.383221,10.610001,-0.141776,2.770132,6.590597,5.15,5.134763,21.844258,4.714643,-0.19909,0.64769,0.21583,-0.042228,0.137378,3.18,6.51,9.86,14.76,16.57,18,20.73,22.629999,24.209999,26.110001,27.18,28.25,31.879999,36.560001,40.68,0.484471,23.393329,24.625109,1,112,17.449969,1,11.641248,135.518644,0.667121,18,0.861787,5.163999,9.396558,17.449969,6.428046,0.566826,0.44573,0.36837,0.08818,0.069341,1,1,3,6,7,9,14,17,21,24,25,27,31,35,53,99.187738,97.586136,138.809919,101598,142183,62.833154,51.952553,53.4372,43.768703,76.010934,62.258128,64360,53215,77858,63771,102430,145700
"27",30,"T8_P2",224.3385815,"C:\NRS_404_504\00_app\01_data\processing\07_polyclipdata\WebModelingApp_plot_30.laz","WebModelingApp_plot_30",168653,155315,104122,51193,0,0,0,0,0,0,0,0,2.01,40.650002,20.461897,24.090001,9.237497,85.331343,0.451449,14.080001,-0.430606,2.144382,7.669587,6.459999,5.94,20.461897,5.246417,-0.60419,0.277054,0.256399,-0.115162,0.052808,2.35,3.6,5.57,10.748,13.62,16.370001,19.940001,22.030001,24.323999,26.52,27.700001,28.889999,31.68,33.23,35.810001,0.477534,22.450391,23.79091,1,54,15.098085,1,10.412939,108.429297,0.689686,17,0.406372,2.194127,8.918776,15.098085,5.934,0.617633,0.09553,0.39303,0.104084,0.016099,1,1,2,4,6,7,10,14,18,21,23,25,30,33,39,96.917177,92.091454,144.567828,104122,155315,64.8184,47.479383,53.17249,38.039051,83.471713,59.714802,69637,51009,89677,64154,107434,168653
"28",31,"T8_P3",276.355824299999,"C:\NRS_404_504\00_app\01_data\processing\07_polyclipdata\WebModelingApp_plot_31.laz","WebModelingApp_plot_31",187891,178550,116102,62448,0,0,0,0,0,0,0,0,2.01,41.419998,23.239633,25.78111,7.781855,60.557266,0.334853,8.26,-0.603624,3.393022,5.905017,4.189999,4.35889,23.239633,4.278136,-0.486944,0.776206,0.184088,-0.113822,0.181436,2.69,6.59,12.45,17.799999,19.43,20.57,22.82,24.389999,25.629999,26.77,27.690001,28.969999,32.830002,35.16,39.029999,0.538686,24.507906,25.452437,1,52,14.446172,1,9.95972,99.196031,0.689437,17,0.472029,2.334328,8.472234,14.446172,5.657341,0.659532,0.149373,0.391615,0.11658,0.026403,1,1,2,4,5,7,10,13,17,20,22,24,28,32,38,97.68702,95.028501,150.23012,116102,178550,68.500055,47.423244,54.990393,36.651037,86.93406,57.941456,81413,56363,103322,68864,118851,187891
"29",32,"T8_P4",407.529704299999,"C:\NRS_404_504\00_app\01_data\processing\07_polyclipdata\WebModelingApp_plot_32.laz","WebModelingApp_plot_32",153347,146690,94740,51950,0,0,0,0,0,0,0,0,2.01,45.150002,25.789026,35.563335,10.310956,106.315824,0.39982,15.559999,-0.539167,2.414394,8.464214,7.23,7.973334,25.789026,5.820477,-0.793132,0.448136,0.225696,-0.136266,0.076993,2.77,5.71,9.43,16.030001,18.58,21.26,25.15,27.76,29.83,32.619999,34.139999,35.259998,37.400002,39.919998,42.919998,0.551206,27.77389,29.15644,1,53,13.189897,1,9.489052,90.042104,0.719418,15,0.564735,2.491101,8.038367,13.189897,5.360025,0.745729,0.157774,0.406374,0.139128,0.029435,1,1,2,4,5,6,9,12,15,18,20,22,27,30,37,98.266795,95.658865,152.150688,94740,146690,65.179285,23.694392,55.202906,17.695162,87.803259,28.145129,62840,22844,84652,27135,96411,153347
"30",33,"T9_P1",525.789351799999,"C:\NRS_404_504\00_app\01_data\processing\07_polyclipdata\WebModelingApp_plot_33.laz","WebModelingApp_plot_33",184698,179174,109093,70081,0,0,0,0,0,0,0,0,2.01,63.93,26.782708,24.615714,13.521987,182.844125,0.504877,15.807499,0.553651,2.986794,10.417131,7.93,8.005713,26.782708,7.527786,0.777721,1.118683,0.281069,0.103313,0.148607,2.96,6.24,9.42,15.11,17.799999,19.9,23.370001,25.389999,28.15,31.790001,33.607498,35.57,47.52,55.209999,59.330002,0.400076,30.002609,32.795029,1,152,18.800004,1,15.954019,254.530713,0.848618,22,1.992004,11.068697,12.070645,18.800004,8.185361,1.693006,0.810849,0.435391,0.206833,0.099061,1,1,2,5,6,8,11,16,21,26,28,30,36,41,83,99.246732,97.009172,163.00252,109093,179174,48.589442,61.235797,42.26467,52.540363,71.016457,88.282494,53410,67311,78062,97041,109921,184698
"31",34,"T9_P2",282.217509,"C:\NRS_404_504\00_app\01_data\processing\07_polyclipdata\WebModelingApp_plot_34.laz","WebModelingApp_plot_34",102689,98074,61265,36809,0,0,0,0,0,0,0,0,2.01,40.830002,22.579659,27.273811,9.256461,85.682064,0.409947,13.450001,-0.582708,2.393158,7.631699,5.789999,4.98381,22.579659,5.190348,-0.810301,0.413375,0.229868,-0.156117,0.079643,2.55,4.66,7.35,13.346001,16.16,18.940001,22.5,24.860001,26.790001,28.459999,29.610001,30.59,32.459999,34.93,38.43,0.529873,24.403323,25.638907,1,59,18.073037,1,12.732679,162.121112,0.704512,23,0.356702,1.973793,11.049888,18.073037,7.274736,0.745817,-0.025107,0.402519,0.102522,-0.003451,1,1,2,5,6,8,12,17,21,26,29,31,36,40,45,98.077354,95.505848,157.00381,61265,98074,64.652771,42.752858,57.02753,35.472154,93.748599,58.313322,40386,26706,58561,36426,62466,102689
"32",35,"T9_P3",65.33547319,"C:\NRS_404_504\00_app\01_data\processing\07_polyclipdata\WebModelingApp_plot_35.laz","WebModelingApp_plot_35",101155,93141,58866,34275,0,0,0,0,0,0,0,0,2.01,43.799999,17.957622,21.91,8.328456,69.363173,0.463784,12.889999,-0.041852,2.238976,7.022217,6.360001,6.26,17.957622,4.768852,-0.128584,0.253705,0.265561,-0.026963,0.0532,2.44,3.96,6.07,9.62,11.09,12.8,15.96,18.65,21.43,23.01,23.98,25.4,28.41,30.139999,35.619999,0.381613,19.794914,21.181698,1,58,17.719576,1,12.766087,162.972972,0.720451,22,0.405693,2.030406,11.081959,17.719576,7.273703,0.844006,-0.015531,0.41049,0.116035,-0.002135,1,1,2,5,6,7,11,16,21,26,28,31,36,40,46,95.479539,92.077505,151.07294,58866,93141,59.39046,44.662871,48.354505,34.252385,79.335961,56.198401,36616,27536,48913,34648,61653,101155
"33",36,"T9_P4",378.631236899999,"C:\NRS_404_504\00_app\01_data\processing\07_polyclipdata\WebModelingApp_plot_36.laz","WebModelingApp_plot_36",134188,131249,85580,45669,0,0,0,0,0,0,0,0,2.01,42.540001,25.569295,25.813334,8.06473,65.039878,0.315407,9.799999,-0.772557,3.432637,6.172583,4.940001,5.056667,25.569295,4.441587,-0.62937,0.676072,0.173708,-0.141699,0.152214,3.2748,8.32,14.05,20.139999,21.620001,23.059999,24.870001,26.280001,28.120001,30.530001,31.42,32.349998,35.009998,36.689999,39.98,0.58128,26.810972,27.720305,1,62,19.554099,1,13.603136,185.045304,0.695667,24,0.252647,1.823288,11.983093,19.554099,7.793941,0.59757,-0.1706,0.398583,0.076671,-0.021889,1,1,3,5,7,8,13,19,24,29,31,33,38,42,47,99.480396,97.809789,152.567217,85580,131249,63.315006,61.408628,53.942976,52.293052,84.142188,81.568577,54468,52828,72385,70171,86027,134188
"34",37,"T10_P1",293.2590485,"C:\NRS_404_504\00_app\01_data\processing\07_polyclipdata\WebModelingApp_plot_37.laz","WebModelingApp_plot_37",128233,119455,78141,41314,0,0,0,0,0,0,0,0,2.01,49.740002,22.895885,24.738572,11.732827,137.659219,0.512443,17.3,0.038309,2.279391,9.592948,8.049999,8.061427,22.895885,6.700457,-0.020239,0.514939,0.292649,-0.003021,0.076851,2.36,3.75,5.71,10.73,13.47,16.6,20.709999,24.09,26.23,28.91,30.77,32.709999,37.77,43.139999,47.900002,0.437584,25.727021,27.815012,1,47,14.419564,1,9.524496,90.716032,0.660526,16,0.342539,2.055224,8.198336,14.419564,5.447513,0.499304,0.064958,0.377786,0.091657,0.011924,1,1,3,5,6,7,10,14,17,20,22,24,28,31,35,95.918543,93.154648,146.631724,78141,119455,59.260305,52.694376,50.454251,43.828032,79.418408,68.98829,48277,42928,64699,56202,81466,128233
"35",38,"T10_P2",172.9612204,"C:\NRS_404_504\00_app\01_data\processing\07_polyclipdata\WebModelingApp_plot_38.laz","WebModelingApp_plot_38",102810,99936,70862,29074,0,0,0,0,0,0,0,0,2.01,32.490002,17.565972,19.910953,5.777223,33.376303,0.328887,7.35,-0.355594,3.003865,4.563185,3.65,3.720953,17.565972,3.237187,-0.235318,0.454646,0.184287,-0.072692,0.140445,2.94,6.27,9.72,13.15,14.08,14.88,16.65,18.07,19.549999,20.75,21.43,22.08,24.4,26.76,29.66,0.510366,18.491601,19.229432,1,44,16.286303,1,9.936825,98.740484,0.610134,17,0.103099,1.895557,8.600105,16.286303,5.719352,0.143272,0.025928,0.351176,0.02505,0.004533,1,1,3,6,7,9,13,16,20,23,24,26,29,32,36,99.017676,97.204552,139.643681,70862,99936,61.630685,44.038287,52.294524,35.961482,75.126109,51.662125,44106,31516,53764,36972,71565,102810
"36",39,"T10_P3",293.529854699999,"C:\NRS_404_504\00_app\01_data\processing\07_polyclipdata\WebModelingApp_plot_39.laz","WebModelingApp_plot_39",154665,150445,98848,51597,0,0,0,0,0,0,0,0,2.01,48.080002,22.827746,24.679366,8.743249,76.444405,0.38301,9.83,0.272448,3.70076,6.55679,4.74,4.600635,22.827746,4.779647,0.053888,0.92768,0.209379,0.011274,0.19409,3.03,7.5,11.64,16.15,17.559999,18.950001,21.200001,23.32,24.959999,26.6,27.389999,28.290001,31.18,40.98,46.139999,0.451872,24.444834,25.869603,1,49,14.522663,1,9.671996,93.547513,0.665993,16,0.342849,2.070587,8.333508,14.522663,5.529835,0.501379,0.056116,0.380773,0.090668,0.010148,1,1,2,5,6,7,10,14,17,21,22,24,28,31,36,98.869751,97.271522,150.478105,98848,150445,61.074436,50.028006,50.97986,40.770698,78.86535,63.071876,61061,50017,78848,63058,99978,154665
"37",40,"T10_P4",325.8089564,"C:\NRS_404_504\00_app\01_data\processing\07_polyclipdata\WebModelingApp_plot_40.laz","WebModelingApp_plot_40",190975,181241,115589,65652,0,0,0,0,0,0,0,0,2.01,38.950001,24.164659,31.91381,9.226882,85.135346,0.381834,13.240002,-0.776345,2.595923,7.614298,5.850002,5.38381,24.164659,5.12209,-1.044841,0.360657,0.211966,-0.203987,0.070412,2.55,4.87,9.13,15.9,18.459999,20.52,24.07,26.639999,28.709999,30.809999,31.700001,32.389999,34,35.150002,37.029999,0.599747,25.866303,26.995149,1,48,13.899123,1,9.427996,88.887115,0.678316,16,0.410108,2.143091,8.11123,13.899123,5.372809,0.584178,0.069194,0.386557,0.108729,0.012879,1,1,2,4,5,7,9,13,16,20,21,23,27,30,35,97.396338,94.902998,152.715308,115589,181241,70.567666,31.705694,56.661867,22.490902,91.178726,36.191744,83749,37628,108210,42952,118679,190975
"38",41,"T11_P1",148.365108099999,"C:\NRS_404_504\00_app\01_data\processing\07_polyclipdata\WebModelingApp_plot_41.laz","WebModelingApp_plot_41",186526,181916,126317,55599,0,0,0,0,0,0,0,0,2.01,42.279999,20.205628,21.18619,8.039829,64.638849,0.3979,10.77,-0.048848,2.567157,6.45706,5.379999,5.36619,20.205628,4.567792,-0.06196,0.52026,0.226065,-0.013564,0.113897,2.95,5.74,9.23,13.31,14.7,15.89,18.5,20.530001,22.360001,24.48,25.469999,26.629999,30.83,34.59,36.889999,0.451841,21.7464,22.984291,1,52,14.176549,1,9.09586,82.734677,0.641613,15,0.357581,2.313475,7.706443,14.176549,5.189782,0.411927,0.169323,0.366082,0.079373,0.032626,1,1,3,5,6,7,11,14,17,20,21,23,26,30,36,99.441847,97.528495,143.211626,126317,181916,60.39551,54.660463,50.483579,45.303604,74.130493,66.524176,76718,69433,94165,84503,127026,186526
"39",42,"T11_P2",189.7459756,"C:\NRS_404_504\00_app\01_data\processing\07_polyclipdata\WebModelingApp_plot_42.laz","WebModelingApp_plot_42",277155,263743,180081,83662,0,0,0,0,0,0,0,0,2.01,44.799999,18.827487,24.423809,7.651434,58.544438,0.406397,11.150001,-0.167158,2.69426,6.237496,5.190001,5.666191,18.827487,4.320498,-0.297365,0.414035,0.229478,-0.068827,0.09583,2.55,5.02,7.63,11.63,13.46,15.27,17.540001,19.82,21.690001,23.700001,24.610001,25.27,27.01,29.780001,36.6158,0.393024,20.322856,21.476407,1,55,17.345461,1,11.224124,125.98097,0.647093,19,0.222608,1.96259,9.707735,17.345461,6.443002,0.374877,0.026072,0.371452,0.058184,0.004047,1,1,3,5,7,9,13,17,21,25,26,28,33,36,41,97.853091,95.160831,143.313663,180081,263743,61.127956,31.837941,51.727734,24.932258,77.902756,37.548361,112495,58592,143366,69101,184032,277155
"40",43,"T11_P3",326.0374297,"C:\NRS_404_504\00_app\01_data\processing\07_polyclipdata\WebModelingApp_plot_43.laz","WebModelingApp_plot_43",242283,234277,157806,76471,0,0,0,0,0,0,0,0,2.01,37.73,22.442981,29.225238,9.305185,86.586463,0.414614,13.68,-0.61146,2.200948,7.846478,5.800001,5.325238,22.442981,5.219111,-0.902873,0.231431,0.23255,-0.172994,0.044343,2.7876,5.18,7.19,12.27,16.01,18.459999,22.120001,25.02,27.360001,29.129999,29.690001,30.469999,32.52,34.290001,36.259998,0.572032,24.295545,25.530697,1,55,16.474989,1,10.765607,115.898285,0.653452,19,0.253357,2.019425,9.295559,16.474989,6.171942,0.397265,0.040867,0.374625,0.064366,0.006621,1,1,3,5,6,8,12,16,20,23,25,27,31,34,40,98.881516,96.6956,146.798378,157806,234277,67.727503,37.896874,57.003587,28.193889,86.539968,42.802539,108087,60480,138110,68309,159591,242283
"41",44,"T11_P4",315.5140559,"C:\NRS_404_504\00_app\01_data\processing\07_polyclipdata\WebModelingApp_plot_44.laz","WebModelingApp_plot_44",186009,180288,114912,65376,0,0,0,0,0,0,0,0,2.01,40.830002,23.142095,20.495715,9.663685,93.386813,0.41758,13.440001,-0.325769,2.313815,7.922284,6.82,7.624286,23.142095,5.510497,-0.402284,0.4133,0.238116,-0.073003,0.075002,2.66,5,7.91,15.18,17.23,18.57,21.09,23.65,26.139999,29.18,30.67,32.110001,36.080002,37.57,39.040001,0.544361,25.078733,26.487524,1,56,16.401646,1,11.116753,123.582188,0.677783,19,0.305135,1.998281,9.63608,16.401646,6.363238,0.528131,0.003226,0.387963,0.082997,0.000507,1,1,2,5,6,8,11,16,20,24,25,27,32,35,40,98.830329,96.924342,155.057107,114912,180288,58.932503,70.321316,50.061019,60.870711,80.086349,97.379421,68522,81764,93118,113225,116272,186009
"42",45,"T12_P1",274.081473,"C:\NRS_404_504\00_app\01_data\processing\07_polyclipdata\WebModelingApp_plot_45.laz","WebModelingApp_plot_45",170224,161300,103535,57765,0,0,0,0,0,0,0,0,2.01,36.360001,22.30286,25.455239,8.316889,69.170648,0.372907,10.83,-0.912992,2.920652,6.717549,4.74,4.445238,22.30286,4.546787,-1.041331,0.466288,0.203866,-0.229026,0.102553,2.45,4.11,7.61,15.62,17.790001,19.620001,22.719999,24.77,26.23,27.889999,28.620001,29.35,30.719999,31.860001,34.549999,0.590767,23.803105,24.76944,1,48,14.221389,1,9.934716,98.69858,0.698576,17,0.445362,2.156581,8.532194,14.221389,5.652396,0.680138,0.077076,0.397457,0.120327,0.013636,1,1,2,4,5,6,9,13,16,20,22,24,28,32,37,97.336605,94.757496,151.643351,103535,161300,69.824571,55.439606,58.244431,43.182512,93.210364,69.10631,74271,58970,99146,73507,106368,170224
"43",46,"T12_P2",238.422940199999,"C:\NRS_404_504\00_app\01_data\processing\07_polyclipdata\WebModelingApp_plot_46.laz","WebModelingApp_plot_46",143401,137473,89346,48127,0,0,0,0,0,0,0,0,2.01,46.290001,21.934973,28.015715,11.42286,130.481722,0.52076,18.089999,0.106269,2.024031,9.766047,8.96,9.885715,21.934973,6.573969,0.155184,0.231865,0.299703,0.023606,0.03527,2.44,4.29,6.27,10.243999,12.38,14.52,17.9,21.77,26.02,28.93,30.469999,32.299999,37.580002,41.700001,44.459999,0.449977,24.731029,26.823035,1,47,12.612229,1,8.47017,71.743779,0.671584,14,0.410983,2.196018,7.249534,12.612229,4.827256,0.508097,0.093447,0.382744,0.105256,0.019358,1,1,2,4,5,6,9,12,15,18,19,21,25,27,32,98.432284,95.866138,151.45369,89346,137473,54.266324,36.588483,47.614033,31.928648,75.222818,50.442332,49257,33211,68279,45786,90769,143401
"44",47,"T12_P3",113.081447199999,"C:\NRS_404_504\00_app\01_data\processing\07_polyclipdata\WebModelingApp_plot_47.laz","WebModelingApp_plot_47",155707,147091,92418,54673,0,0,0,0,0,0,0,0,2.01,37.380001,15.545753,5.378572,8.864295,78.575719,0.570207,14.24,0.311766,2.008067,7.57527,7.2,9.881429,15.545753,5.079403,0.42843,0.094953,0.326739,0.084346,0.018694,2.34,3.32,4.32,6.39,7.58,8.8,11.66,15.26,17.940001,20.4,21.82,23.85,28.940001,31.139999,33.510999,0.38269,17.895408,19.6942,1,44,12.396333,1,8.486237,72.016221,0.684576,14,0.489751,2.279336,7.231079,12.396333,4.817558,0.610078,0.125082,0.388628,0.126636,0.025964,1,1,2,4,5,6,8,11,14,17,19,21,25,28,32,98.110363,94.46653,156.150874,92418,147091,55.810102,88.270452,46.339599,80.132557,76.598229,132.457165,52572,83149,72154,124772,94198,155707
"45",48,"T12_P4",110.1783096,"C:\NRS_404_504\00_app\01_data\processing\07_polyclipdata\WebModelingApp_plot_48.laz","WebModelingApp_plot_48",196841,185587,122472,63115,0,0,0,0,0,0,0,0,2.01,38.799999,18.976702,23.032857,9.09297,82.682099,0.479165,15,-0.372472,1.978255,7.700414,6.299999,5.562858,18.976702,5.16901,-0.546876,0.157264,0.272387,-0.105799,0.030424,2.3,3.39,4.7,8.23,11.09,14.03,18.65,20.940001,23.120001,25.07,26.09,27.038,30,31.73,34.400002,0.461177,21.04274,22.414213,1,47,13.553794,1,9.212768,84.875086,0.679719,16,0.398595,2.118964,7.91907,13.553794,5.254663,0.559241,0.070187,0.387689,0.106428,0.013357,1,1,2,4,5,6,9,12,16,19,21,23,27,30,34,97.998768,94.282695,148.501676,122472,185587,67.264129,48.882559,55.464563,38.142968,87.36047,60.077777,84062,61090,109177,75081,124973,196841
"46",49,"T13_P1",225.3359325,"C:\NRS_404_504\00_app\01_data\processing\07_polyclipdata\WebModelingApp_plot_49.laz","WebModelingApp_plot_49",226643,219143,142450,76693,0,0,0,0,0,0,0,0,2.01,37.689999,21.762854,26.363015,8.263933,68.292587,0.379727,11.949999,-0.528247,2.369659,6.815165,5.48,5.136985,21.762854,4.667785,-0.632546,0.341518,0.214484,-0.135513,0.073165,2.94,6.27,9.02,13.28,16.1,18.23,21.26,23.389999,25.32,27.120001,28.049999,29.049999,31.540001,32.939999,35.66,0.553611,23.279048,24.367004,1,48,14.308264,1,9.610317,92.358195,0.671662,17,0.324173,1.998025,8.319258,14.308264,5.498816,0.491423,0.014816,0.38431,0.089369,0.002694,1,1,2,4,5,7,10,13,17,20,22,24,28,31,35,98.569036,96.690831,151.637166,142450,219143,66.916232,43.320555,55.727289,33.411577,87.395342,52.398317,96706,62606,126302,75725,144518,226643
"47",50,"T13_P2",296.2815633,"C:\NRS_404_504\00_app\01_data\processing\07_polyclipdata\WebModelingApp_plot_50.laz","WebModelingApp_plot_50",208402,205506,139000,66506,0,0,0,0,0,0,0,0,2.01,38.220001,21.950997,24.425715,6.848842,46.906637,0.312006,8.939999,-0.521604,2.96617,5.442407,4.33,4.175715,21.950997,3.834301,-0.419926,0.495209,0.174675,-0.109518,0.129152,4.45,8.46,12.17,16.440001,17.790001,19.030001,21.24,22.879999,24.459999,26,26.73,27.530001,29.99,32.139999,35.240002,0.550704,22.994623,23.810047,1,46,13.488088,1,8.593917,73.855407,0.637149,14,0.2811,2.052434,7.386318,13.488088,4.925026,0.352589,0.072566,0.365139,0.071591,0.014734,1,1,2,5,6,7,10,13,16,19,20,22,25,28,32,99.726649,98.610378,147.441904,139000,205506,65.353958,48.518808,55.167417,39.65461,82.486135,59.291439,91091,67626,114970,82641,139381,208402
"48",51,"T13_P3",309.455347099999,"C:\NRS_404_504\00_app\01_data\processing\07_polyclipdata\WebModelingApp_plot_51.laz","WebModelingApp_plot_51",110895,105305,74283,31022,0,0,0,0,0,0,0,0,2.01,47.099998,23.362477,23.481428,6.664082,44.409991,0.285247,5.5,-1.258161,4.711107,4.6941,2.74,3.118572,23.362477,3.437342,-0.795154,0.848541,0.147131,-0.231328,0.24686,2.89,7.34,12.9,20.57,21.799999,22.610001,23.709999,24.59,25.610001,26.66,27.299999,27.92,29.559999,31.4,35.540001,0.473552,24.294339,24.928624,1,41,13.849532,1,8.616764,74.248622,0.62217,15,0.179254,1.960455,7.434129,13.849532,4.950368,0.222192,0.038049,0.357439,0.044884,0.007686,1,1,2,5,6,7,11,14,17,19,21,22,25,28,32,98.075019,94.959196,139.03302,74283,105305,71.838238,70.624893,60.279544,59.178502,88.257351,86.645278,54411,53492,66847,65626,75741,110895
"49",52,"T13_P4",167.3690081,"C:\NRS_404_504\00_app\01_data\processing\07_polyclipdata\WebModelingApp_plot_52.laz","WebModelingApp_plot_52",194041,187358,115489,71869,0,0,0,0,0,0,0,0,2.01,54.07,24.850385,25.974127,9.346079,87.349194,0.376094,8.839998,0.121783,3.785542,6.81348,4.41,4.494127,24.850385,5.091906,-0.040629,1.101077,0.204902,-0.007979,0.216241,3.21,7.35,11.72,18.58,20.370001,21.83,23.559999,25.219999,26.65,28.190001,29.209999,30.91,35.970001,41.889999,52.279999,0.438732,26.549772,28.002336,1,43,11.097466,1,7.591539,57.631459,0.684079,13,0.516932,2.341107,6.448381,11.097466,4.302011,0.567831,0.126577,0.387657,0.131992,0.029423,1,1,2,4,4,5,7,10,13,15,17,18,22,25,29,98.757504,96.555883,160.214465,115489,187358,60.86265,53.321305,50.35276,43.200148,83.549965,71.681688,71174,62355,97705,83826,116942,194041
"50",53,"T14_P1",218.187044799999,"C:\NRS_404_504\00_app\01_data\processing\07_polyclipdata\WebModelingApp_plot_53.laz","WebModelingApp_plot_53",148829,128217,84459,43758,0,0,0,0,0,0,0,0,2.01,40.139999,22.768662,2.01,10.596581,112.287525,0.465402,15.52,-0.607364,2.195058,8.815544,7.070002,23.16,22.768662,5.945069,-0.991326,0.248634,0.261108,-0.166748,0.041822,2.17,2.84,4.17,11.18,15.96,18.799999,22.4,25.17,27.83,30.34,31.48,32.619999,34.400002,35.950001,38.41,0.544418,25.113714,26.566797,1,50,12.640999,1,8.814537,77.696069,0.697298,14,0.573749,2.494672,7.425831,12.640999,4.978909,0.700263,0.196405,0.39387,0.140646,0.039447,1,1,2,4,5,6,8,11,14,17,19,21,25,29,35,89.830887,86.150549,136.372049,84459,128217,57.083599,89.789407,50.562054,86.105531,80.037226,136.300787,53670,84420,75251,128150,94020,148829
"51",54,"T14_P2",209.594676399999,"C:\NRS_404_504\00_app\01_data\processing\07_polyclipdata\WebModelingApp_plot_54.laz","WebModelingApp_plot_54",118514,103520,66622,36898,0,0,0,0,0,0,0,0,2.01,41.279999,22.025701,27.566666,9.558849,91.371591,0.433986,12.849998,-0.466244,2.380209,7.855213,6.230001,6.376665,22.025701,5.408265,-0.63238,0.436617,0.245543,-0.116928,0.080731,2.24,3.38,6.42,13.39,16.360001,18.030001,20.74,23.459999,26.209999,28.18,29.209999,30.25,33.200001,36.07,38.529999,0.509694,24.01046,25.363044,1,42,11.514954,1,8.211033,67.421061,0.713076,13,0.645144,2.577808,6.889829,11.514954,4.6153,0.740427,0.207548,0.400809,0.160429,0.04497,1,1,2,4,4,5,7,10,13,16,17,19,23,27,32,91.550205,87.34833,142.25447,66622,103520,58.089074,38.890492,48.00783,29.270803,78.184991,47.670088,42272,28301,56896,34690,72771,118514
"52",55,"T14_P3",258.307175099999,"C:\NRS_404_504\00_app\01_data\processing\07_polyclipdata\WebModelingApp_plot_55.laz","WebModelingApp_plot_55",156908,149989,89454,60535,0,0,0,0,0,0,0,0,2.01,50.490002,25.483898,31.251906,10.898047,118.767431,0.427644,14.629999,-0.168054,2.488321,8.848873,6.959999,7.571906,25.483898,6.184048,-0.321466,0.653091,0.242665,-0.051983,0.105609,2.72,5.78,9.71,15.14,17.76,20.17,23.780001,27.07,29.32,31.42,32.389999,34.099998,39,43.09,48.540001,0.484198,27.716343,29.400065,1,56,12.524478,1,9.441921,89.149875,0.753877,15,0.768461,2.885494,7.886297,12.524478,5.257411,0.97466,0.262987,0.419771,0.185388,0.050022,1,1,2,4,4,5,8,10,14,17,19,21,26,30,38,98.144714,95.59041,164.560865,89454,149989,63.149926,39.134346,52.595789,29.47842,90.544736,50.74771,57558,35669,82527,46254,91145,156908
"53",56,"T14_P4",272.738143499999,"C:\NRS_404_504\00_app\01_data\processing\07_polyclipdata\WebModelingApp_plot_56.laz","WebModelingApp_plot_56",189297,175627,110274,65353,0,0,0,0,0,0,0,0,2.01,45.439999,21.81315,24.069682,9.487667,90.015829,0.434952,13.059999,-0.313654,2.478494,7.675479,6.309999,6.069682,21.81315,5.371452,-0.452174,0.532349,0.246248,-0.084181,0.099107,2.39,3.95,6.516,13.42,15.67,17.52,20.809999,23.120001,25.030001,27.58,28.73,29.870001,32.939999,36.220001,40.827401,0.455979,23.787157,25.199291,1,59,13.51807,1,9.807694,96.190868,0.725525,16,0.599289,2.522678,8.299929,13.51807,5.528792,0.825964,0.176975,0.408993,0.149393,0.03201,1,1,2,4,5,6,9,12,15,19,21,23,28,31,38,96.675609,92.778544,153.969632,110274,175627,63.887574,52.936019,51.963317,42.078321,86.235162,69.830624,72874,60382,98365,79653,114066,189297
"54",57,"T15_P1",316.1416376,"C:\NRS_404_504\00_app\01_data\processing\07_polyclipdata\WebModelingApp_plot_57.laz","WebModelingApp_plot_57",113152,103222,64237,38985,0,0,0,0,0,0,0,0,2.01,41.889999,23.818609,24.165555,8.24206,67.931556,0.346034,11.08,-0.520604,2.759808,6.614422,5.529999,5.555554,23.818609,4.644629,-0.505659,0.486495,0.195,-0.10887,0.104743,2.81,7.64,12.18,16.98,18.889999,20.34,22.690001,24.639999,26.6,28.84,29.969999,31.450001,33.939999,35.32,38.139999,0.546856,25.204306,26.243995,1,167,17.572979,1,17.461753,304.912835,0.993671,20,2.957848,16.556635,11.789191,17.572979,8.155527,2.352511,1.423019,0.464095,0.288456,0.174485,1,1,2,4,5,7,10,14,18,23,25,27,33,39,101,94.466176,91.224194,151.797059,64237,103222,62.179412,60.479412,49.969952,48.264282,83.15,80.311765,42282,41126,56542,54612,68000,113152
"55",58,"T15_P2",227.203782999999,"C:\NRS_404_504\00_app\01_data\processing\07_polyclipdata\WebModelingApp_plot_58.laz","WebModelingApp_plot_58",171112,151823,91483,60340,0,0,0,0,0,0,0,0,2.01,41.369999,23.830366,23.876666,10.025241,100.505455,0.420692,13.82,-0.338891,2.302008,8.156077,6.960001,7.053334,23.830366,5.713737,-0.449002,0.439805,0.239767,-0.078583,0.076973,2.47,5.31,8.37,14.91,17.83,19.49,22.219999,24.42,27,29.889999,31.65,33.330002,37.130001,38.919998,40.139999,0.554379,25.853262,27.313518,1,193,15.840307,1,15.426014,237.961898,0.973846,18,3.170661,20.184996,10.498503,15.840307,7.224133,1.982104,1.14441,0.45606,0.274373,0.158415,1,1,2,4,5,6,9,13,17,21,23,25,30,35,89,91.667251,88.727266,152.128779,91483,151823,57.207988,57.05468,46.824302,46.675277,80.28337,80.027856,57093,56940,80122,79867,99799,171112
"56",59,"T15_P3",186.901559899999,"C:\NRS_404_504\00_app\01_data\processing\07_polyclipdata\WebModelingApp_plot_59.laz","WebModelingApp_plot_59",172353,161573,98551,63022,0,0,0,0,0,0,0,0,2.01,41.360001,18.35722,25.744921,8.97343,80.522444,0.488823,14.809999,0.125972,2.175528,7.543603,7.39,8.46492,18.35722,5.1517,0.111672,0.237685,0.280636,0.021677,0.046137,2.51,4.44,6.242,9.22,10.85,12.53,15.7,18.34,20.91,24.08,25.66,26.799999,29.92,32.619999,39.060001,0.415431,20.433048,22.043745,1,174,17.18966,1,16.047122,257.510126,0.933533,19,2.904817,17.581035,11.107734,17.18966,7.65162,1.911992,1.139273,0.445129,0.249881,0.148893,1,1,2,4,6,7,10,15,19,23,25,27,32,37,93,97.095538,93.745395,159.18679,98551,161573,58.593681,30.554981,46.810906,23.106067,79.488468,39.235855,59472,31013,80680,39824,101499,172353
"57",60,"T15_P4",280.3545432,"C:\NRS_404_504\00_app\01_data\processing\07_polyclipdata\WebModelingApp_plot_60.laz","WebModelingApp_plot_60",100469,93517,56400,37117,0,0,0,0,0,0,0,0,2.01,43.209999,22.421628,28.16873,8.911405,79.413141,0.397447,12.27,-0.244679,2.495328,7.228873,6.01,6.738729,22.421628,5.068346,-0.291965,0.510339,0.226047,-0.057606,0.100691,2.8,5.79,9.48,14.75,16.5,18.02,20.75,23.16,25.299999,27.68,28.77,30.040001,33.73,36.299999,40.130001,0.495428,24.127612,25.427579,1,167,16.32933,1,13.867404,192.304881,0.849233,20,1.961483,11.134372,10.606151,16.32933,7.148249,1.526886,0.659494,0.437755,0.213603,0.09226,1,1,2,4,5,7,10,14,18,23,25,27,32,36,70,96.512543,93.080453,160.027722,56400,93517,61.389849,35.191143,49.741711,25.974181,85.517985,44.655875,35875,20565,49975,26096,58438,100469
"58",61,"T16_P1",108.513740999999,"C:\NRS_404_504\00_app\01_data\processing\07_polyclipdata\WebModelingApp_plot_61.laz","WebModelingApp_plot_61",80879,77937,53653,24284,0,0,0,0,0,0,0,0,2.01,36.799999,15.501399,15.815555,6.466129,41.81082,0.417132,7.620001,0.501131,3.345302,4.946335,3.81,3.874445,15.501399,3.590884,0.283218,0.581385,0.231649,0.078872,0.161906,2.67,5.37,7.45,10.15,11.23,12.18,13.91,15.2,16.43,17.860001,18.85,20.01,24.02,27.99,33.150002,0.387795,16.795941,17.971883,1,58,18.645624,1,11.924362,142.190406,0.639526,21,0.152295,1.898791,10.337911,18.645624,6.856976,0.272807,-0.002366,0.367753,0.039785,-0.000345,1,1,3,6,7,10,14,19,23,27,28,30,35,38,43,99.04194,96.362467,143.869527,53653,77937,55.499151,52.811415,45.967433,43.613299,68.62955,65.114819,30065,28609,37178,35274,54172,80879
"59",62,"T16_P2",207.399432499999,"C:\NRS_404_504\00_app\01_data\processing\07_polyclipdata\WebModelingApp_plot_62.laz","WebModelingApp_plot_62",95571,93242,61027,32215,0,0,0,0,0,0,0,0,2.01,41.029999,19.300194,14.397301,9.188184,84.422731,0.476067,12.150001,0.507113,2.395649,7.475621,5.31,5.322698,19.300194,5.159675,0.685064,0.483721,0.267338,0.132773,0.09375,3,5.9,8.71,11.81,12.94,13.88,15.44,17.190001,19.52,22.360001,25.09,28.68,34.200001,36.200001,38.98,0.443111,21.375671,23.189793,1,61,17.673752,1,11.782143,138.818884,0.666646,20,0.249488,1.947667,10.235126,17.673752,6.756716,0.457224,-0.018329,0.382302,0.06767,-0.002713,1,1,3,5,7,8,13,17,21,25,27,29,34,37,43,99.566019,97.563068,152.125039,61027,93242,45.134028,74.856835,39.851001,65.316885,62.137601,101.845235,27664,45882,38086,62424,61293,95571
"60",63,"T16_P3",325.287558499999,"C:\NRS_404_504\00_app\01_data\processing\07_polyclipdata\WebModelingApp_plot_63.laz","WebModelingApp_plot_63",149992,146731,93053,53678,0,0,0,0,0,0,0,0,2.01,43.349998,23.947247,23.008094,9.360442,87.617867,0.390878,13.609999,-0.356046,2.320245,7.683983,6.809999,7.008094,23.947247,5.33786,-0.43788,0.365643,0.222901,-0.082033,0.0685,3.22,6.43,10.01,15.76,17.790001,19.469999,22.18,24.559999,26.9,29.83,31.4,33.470001,36.189999,37.400002,38.669998,0.530654,25.71163,27.024027,1,61,16.893703,1,12.469728,155.494112,0.738129,20,0.519997,2.255628,10.64111,16.893703,7.064527,0.992691,0.127596,0.418175,0.140518,0.018062,1,1,2,4,6,7,11,15,19,24,26,29,35,39,46,99.485748,97.825884,156.874506,93053,146731,60.986379,65.417923,51.285402,55.410289,82.241752,88.856459,57043,61188,76924,83111,93534,149992
"61",64,"T16_P4",412.9840512,"C:\NRS_404_504\00_app\01_data\processing\07_polyclipdata\WebModelingApp_plot_64.laz","WebModelingApp_plot_64",201556,197838,115095,82743,0,0,0,0,0,0,0,0,2.01,57.5,28.426847,24.029841,13.149041,172.897291,0.462557,16.9,0.442694,2.514559,10.614736,7.870001,7.689841,28.426847,7.394018,0.836924,0.818091,0.260107,0.113189,0.110642,3.42,8.34,12.72,18.26,19.6,20.9,23.52,25.690001,28.620001,34.099998,36.5,40.330002,49,54.23,56.18,0.476065,31.320633,33.831466,1,62,16.244043,1,12.17051,148.121314,0.749229,21,0.490457,2.126615,10.549832,16.244043,6.896152,0.971826,-0.002128,0.424534,0.140923,-0.000309,1,1,2,4,5,6,10,14,19,24,26,28,34,38,44,99.533013,98.155351,171.088338,115095,197838,46.377827,64.801314,39.839052,56.445355,69.440913,98.386302,53629,74933,80298,113769,115635,201556
"62",65,"T17_P1",220.4699219,"C:\NRS_404_504\00_app\01_data\processing\07_polyclipdata\WebModelingApp_plot_65.laz","WebModelingApp_plot_65",143203,138740,91394,47346,0,0,0,0,0,0,0,0,2.01,36.189999,19.725113,20.998888,7.187498,51.660122,0.364383,9.429999,-0.323291,2.672884,5.716136,4.679999,4.628887,19.725113,4.061575,-0.288206,0.49395,0.205909,-0.070959,0.121615,3.03,6,9.32,13.76,15.13,16.51,18.809999,20.4,21.969999,23.540001,24.559999,25.780001,28.889999,30.809999,34.02,0.518289,20.993804,21.97489,1,53,17.281469,1,11.679045,136.400085,0.675813,21,0.297394,1.971178,10.133987,17.281469,6.688622,0.549,-0.005187,0.38704,0.08208,-0.000775,1,1,3,5,6,8,12,16,21,25,27,29,34,37,42,99.137641,96.883445,150.495178,91394,138740,65.300632,56.553385,52.739817,44.7337,81.924091,69.487683,60200,52136,75525,64060,92189,143203
"63",66,"T17_P2",242.795037199999,"C:\NRS_404_504\00_app\01_data\processing\07_polyclipdata\WebModelingApp_plot_66.laz","WebModelingApp_plot_66",142084,137779,96410,41369,0,0,0,0,0,0,0,0,2.01,39.73,21.214181,29.551587,9.986113,99.722461,0.470728,18.115,-0.141974,1.781603,8.724008,9.009998,8.191586,21.214181,5.743658,-0.244566,-0.064313,0.270746,-0.04258,-0.011197,2.56,4.42,7.63,11.22,12.34,13.76,17.959999,21.700001,25.73,29.58,30.455,31.41,33.810001,35.25,37.810001,0.509125,23.44703,25.067767,1,65,19.724711,1,12.431382,154.539256,0.630244,22,0.115362,1.887725,10.775426,19.724711,7.15137,0.207729,0.000801,0.362559,0.029047,0.000112,1,2,3,6,8,10,15,20,24,28,30,32,36,39.099998,45,99.201531,96.970102,141.768362,96410,137779,58.344823,36.616385,49.949326,29.199628,73.024921,42.689276,56703,35586,70970,41488,97186,142084
"64",67,"T17_P3",68.01027711,"C:\NRS_404_504\00_app\01_data\processing\07_polyclipdata\WebModelingApp_plot_67.laz","WebModelingApp_plot_67",206754,201986,130096,71890,0,0,0,0,0,0,0,0,2.01,43.43,17.649869,14.501746,8.535958,72.86258,0.483627,10.23,0.626461,2.755535,6.761969,5.02,4.928254,17.649869,4.765028,0.676298,0.574069,0.269975,0.141929,0.120475,3.12,5.59,7.4,10.57,11.65,12.73,14.57,16.17,17.92,20.59,21.879999,24.27,31.450001,34.150002,38.299999,0.377592,19.605614,21.360294,1,67,17.289332,1,12.496428,156.160716,0.722783,21,0.514632,2.324242,10.651629,17.289332,7.082474,0.942684,0.149809,0.409644,0.133101,0.021152,1,1,2,5,6,8,11,15,20,24,27,29,35,39,47,99.624005,97.693878,154.675427,130096,201986,49.606776,71.071393,40.500788,59.003453,64.123535,93.418181,64780,92810,83737,121992,130587,206754
"65",68,"T17_P4",150.8221718,"C:\NRS_404_504\00_app\01_data\processing\07_polyclipdata\WebModelingApp_plot_68.laz","WebModelingApp_plot_68",159391,151669,97383,54286,0,0,0,0,0,0,0,0,2.01,40.599998,19.114741,33.862062,10.115153,102.31631,0.529181,18.360001,-0.050279,1.67912,8.96623,9.02,13.682062,19.114741,5.825173,-0.087132,-0.154785,0.304748,-0.014958,-0.026572,2.49,3.94,5.31,7.946,9.41,11.12,15.502,20.18,23.709999,26.52,27.77,29.164,32.77,34,36.253199,0.443243,21.626118,23.391642,1,159,20.658407,1,16.333124,266.77093,0.790628,24,1.714698,9.863401,12.637437,20.658407,8.569377,1.399905,0.700508,0.414813,0.163361,0.081746,1,1,3,5,7,9,14,19,24,29,31,33,39,44,83,98.188143,95.15531,152.922968,97383,151669,60.013107,8.025812,49.537301,5.402438,79.610809,8.682194,59521,7960,78958,8611,99180,159391
"66",69,"T18_P1",164.573506799999,"C:\NRS_404_504\00_app\01_data\processing\07_polyclipdata\WebModelingApp_plot_69.laz","WebModelingApp_plot_69",149294,128278,86293,41985,0,0,0,0,0,0,0,0,2.01,43.07,18.239003,17.651905,9.046443,81.838135,0.495994,12.3,0.342681,2.641311,7.186287,6.139999,6.101904,18.239003,5.120673,0.335825,0.579726,0.280754,0.065582,0.113213,2.31,3.91,6.17,10.02,11.72,13.62,15.69,17.82,19.709999,22.049999,24.02,25.879999,30.99,35.59,39.779999,0.395251,20.359241,22.103508,1,47,13.589174,1,9.32541,86.96327,0.686238,16,0.447409,2.191293,7.991238,13.589174,5.30581,0.627402,0.093729,0.390444,0.118248,0.017665,1,1,2,4,5,6,9,12,16,19,21,23,27,30,35,88.649298,85.923078,131.780732,86293,128278,48.464178,52.143987,40.560907,43.694991,62.208502,67.015266,47176,50758,60555,65234,97342,149294
"67",70,"T18_P2",139.7951384,"C:\NRS_404_504\00_app\01_data\processing\07_polyclipdata\WebModelingApp_plot_70.laz","WebModelingApp_plot_70",112610,106187,70570,35617,0,0,0,0,0,0,0,0,2.01,43.779999,18.084983,21.23746,7.335868,53.814955,0.405633,9.360001,-0.092232,3.009949,5.810723,4.45,4.692541,18.084983,4.112828,-0.216859,0.543712,0.227417,-0.052727,0.132199,2.54,4.5,6.95,11.95,13.41,14.88,16.969999,18.91,20.559999,22.030001,22.77,23.620001,26.809999,29.16,36.349998,0.384845,19.516175,20.644254,1,46,14.426898,1,9.520621,90.642225,0.659922,16,0.326185,2.062397,8.203035,14.426898,5.446955,0.465847,0.057573,0.377556,0.085524,0.01057,1,1,2,5,6,7,10,14,17,20,22,24,28,31,35,97.576151,94.296244,146.823279,70570,106187,62.594195,43.82285,51.245893,33.425983,79.792044,52.045684,45270,31694,57708,37641,72323,112610
"68",71,"T18_P3",239.486721499999,"C:\NRS_404_504\00_app\01_data\processing\07_polyclipdata\WebModelingApp_plot_71.laz","WebModelingApp_plot_71",175356,163386,117261,46125,0,0,0,0,0,0,0,0,2.01,36.5,18.48303,23.360952,7.410053,54.908879,0.400911,10.070001,-0.347648,2.505276,6.008706,4.93,5.240952,18.48303,4.198924,-0.364029,0.413641,0.227177,-0.086696,0.098511,2.47,4.3,7.05,12.04,13.8,15.14,17.43,19.309999,21.18,23.07,23.870001,24.959999,27.17,29.48,33.32,0.477618,19.913085,20.966984,1,48,15.133947,1,9.4858,89.9804,0.62679,16,0.22431,2.029554,8.153936,15.133947,5.444006,0.298406,0.078077,0.359722,0.054814,0.014342,1,1,3,5,7,8,11,15,18,21,23,24,28,31,36,95.907251,93.173886,133.632683,117261,163386,60.324705,32.21936,50.842857,26.262574,72.920296,37.666544,73756,39393,89156,46053,122265,175356
"69",72,"T18_P4",249.004002299999,"C:\NRS_404_504\00_app\01_data\processing\07_polyclipdata\WebModelingApp_plot_72.laz","WebModelingApp_plot_72",202952,197841,126984,70857,0,0,0,0,0,0,0,0,2.01,38.580002,20.602608,21.746191,8.349146,69.708245,0.405247,12.24,-0.207338,2.292699,6.821862,6.16,6.103809,20.602608,4.772995,-0.213943,0.370914,0.231669,-0.044824,0.077711,2.87,5.51,8.29,13.36,15.33,16.559999,18.67,20.84,22.629999,25.690001,27.57,28.799999,31.690001,33.419998,35.790001,0.508411,22.230055,23.47285,1,49,12.97129,1,9.003772,81.067918,0.694131,15,0.486125,2.27923,7.681735,12.97129,5.111162,0.642626,0.1128,0.394037,0.12573,0.022069,1,1,2,4,5,6,9,12,15,18,20,22,26,29,34,99.260533,97.481671,154.647854,126984,197841,58.64848,52.579536,49.706335,44.140486,78.855624,70.025795,75029,67265,100880,89584,127930,202952
"70",73,"T19_P1",402.3173686,"C:\NRS_404_504\00_app\01_data\processing\07_polyclipdata\WebModelingApp_plot_73.laz","WebModelingApp_plot_73",113377,110685,66316,44369,0,0,0,0,0,0,0,0,2.01,42.73,23.893094,23.339524,9.849844,97.019427,0.412246,14.199999,-0.344356,2.240102,8.095218,7.01,7.470476,23.893094,5.620026,-0.479457,0.377721,0.235216,-0.085312,0.06721,3.21,6.07,8.46,14.51,17.26,19.48,22.469999,24.74,27.540001,30.16,31.459999,33.299999,36.279999,38.130001,41.119999,0.537404,25.843732,27.263634,1,63,17.480607,1,12.521661,156.791999,0.716317,22,0.393099,2.052045,10.866318,17.480607,7.136922,0.786835,-0.014819,0.408277,0.110249,-0.002076,1,1,2,4,6,7,11,16,21,25,28,30,35,39,45,99.569088,97.625621,166.186208,66316,110685,62.740417,66.156179,52.113744,54.939714,88.71222,93.522814,41787,44062,59085,62289,66603,113377
"71",74,"T19_P2",225.421628499999,"C:\NRS_404_504\00_app\01_data\processing\07_polyclipdata\WebModelingApp_plot_74.laz","WebModelingApp_plot_74",167707,156784,95356,61428,0,0,0,0,0,0,0,0,2.01,40.209999,20.183829,22.019523,9.35025,87.42717,0.463255,14.950001,-0.167537,2.056292,7.904921,7.370001,7.340477,20.183829,5.373197,-0.251389,0.225776,0.266213,-0.046786,0.042019,2.42,4.0115,6.28,11.06,12.75,14.49,17.950001,21.16,23.610001,26.309999,27.700001,29.200001,32.150002,34.029999,37.66,0.475755,22.244405,23.739942,1,66,15.621071,1,11.748532,138.028012,0.752095,19,0.619426,2.50324,9.996642,15.621071,6.610012,1.054555,0.165035,0.423147,0.159539,0.024967,1,1,2,4,5,6,9,13,18,22,24,27,32,37,45,97.461161,93.486855,160.245298,95356,156784,61.538226,54.948896,49.937689,43.433488,85.597915,74.449101,60209,53762,83749,72841,97840,167707
"72",75,"T19_P3",185.5261805,"C:\NRS_404_504\00_app\01_data\processing\07_polyclipdata\WebModelingApp_plot_75.laz","WebModelingApp_plot_75",240647,229483,148732,80751,0,0,0,0,0,0,0,0,2.01,40.77,20.010904,23.543334,9.570507,91.594599,0.478265,15.929999,-0.036481,1.960348,8.23763,7.93,7.753334,20.010904,5.51428,-0.071281,0.140064,0.275564,-0.012927,0.0254,2.55,4.4,6.63,10.52,12.13,13.58,16.75,20.42,23.76,26.309999,28.059999,29.58,32.169998,35.119999,38.43,0.46442,22.18176,23.799103,1,57,15.925167,1,11.339908,128.59351,0.712075,19,0.448287,2.195612,9.723401,15.925167,6.449379,0.767739,0.088085,0.40498,0.119041,0.013658,1,1,2,4,6,7,10,15,19,23,25,27,32,36,42,98.096532,95.36084,151.35604,148732,229483,58.958699,49.231622,48.628073,38.994461,77.182129,61.891728,89392,74644,117022,93839,151618,240647
"73",76,"T19_P4",200.980880899999,"C:\NRS_404_504\00_app\01_data\processing\07_polyclipdata\WebModelingApp_plot_76.laz","WebModelingApp_plot_76",246840,238535,145969,92566,0,0,0,0,0,0,0,0,2.01,47.349998,18.465663,21.441428,9.899697,98.004007,0.536114,14.71,0.415775,2.653215,8.131937,7.32,7.651428,18.465663,5.616845,0.427941,0.407621,0.304178,0.076189,0.072571,2.5434,4.14,5.63,8.47,10.12,12.08,15.28,18.120001,20.889999,23.48,24.83,26.620001,32.669998,34.810001,45.529999,0.362939,20.951953,22.975977,1,61,16.561972,1,12.101522,146.446836,0.730681,20,0.524386,2.285977,10.353895,16.561972,6.852633,0.957861,0.124219,0.413757,0.13978,0.018127,1,1,2,4,6,7,10,15,19,24,26,28,34,38,45,99.401422,96.635472,162.436669,145969,238535,57.690946,45.726874,47.221682,36.536218,79.375953,61.414524,84718,67149,116562,90186,146848,246840
"74",77,"T20_P1",199.1341107,"C:\NRS_404_504\00_app\01_data\processing\07_polyclipdata\WebModelingApp_plot_77.laz","WebModelingApp_plot_77",111336,108171,72833,35338,0,0,0,0,0,0,0,0,2.01,39.380001,18.884083,17.43254,8.287404,68.681066,0.438857,11.91,0.037745,2.258149,6.788625,6.009998,5.99746,18.884083,4.746617,0.054071,0.376114,0.251355,0.011391,0.079238,2.77,4.85,7.33,11.45,13.24,14.58,16.540001,18.370001,20.629999,23.440001,25.15,26.84,30.530001,32.720001,35.130001,0.451541,20.622536,21.999036,1,65,20.211822,1,13.169893,173.44609,0.651594,23,0.160954,1.886326,11.456994,20.211822,7.568828,0.324343,-0.038223,0.374475,0.042852,-0.00505,1,1,3,6,8,10,15,20,25,29,31,33,38,41,47,99.253213,97.157254,147.410093,72833,108171,54.804377,64.02611,46.013868,53.810088,69.813712,81.642387,40216,46983,51230,59910,73381,111336
"75",78,"T20_P2",140.265449999999,"C:\NRS_404_504\00_app\01_data\processing\07_polyclipdata\WebModelingApp_plot_78.laz","WebModelingApp_plot_78",114107,109393,70370,39023,0,0,0,0,0,0,0,0,2.01,59.810001,18.501733,16.689365,10.769479,115.981686,0.582079,13.44,1.249607,5.531442,8.038372,6.68,6.579366,18.501733,5.726344,0.864746,0.92235,0.309503,0.151012,0.161071,2.46,4.01,5.8,9.45,10.95,12.31,14.92,17.51,19.959999,22.559999,24.389999,25.559999,29.129999,35.52,56.860001,0.285324,21.40782,24.290306,1,65,18.436682,1,12.893967,166.254385,0.699365,23,0.344081,2.017167,11.156614,18.436682,7.370486,0.702036,0.005814,0.399773,0.09525,0.000789,1,1,2,5,6,8,12,17,22,27,29,31,37,40,47,98.86204,95.86879,153.685024,70370,109393,53.281821,61.89379,43.943842,51.389485,70.44535,82.381287,37926,44056,50143,58639,71180,114107
"76",79,"T20_P3",289.5020665,"C:\NRS_404_504\00_app\01_data\processing\07_polyclipdata\WebModelingApp_plot_79.laz","WebModelingApp_plot_79",107297,105188,66121,39067,0,0,0,0,0,0,0,0,2.01,45.689999,22.450666,23.503333,9.00836,81.150545,0.401251,11.75,0.042647,2.7312,7.162389,5.879999,5.853333,22.450666,5.096336,0.002799,0.649796,0.227002,0.000549,0.127503,3.22,6.6835,10.05,15.01,16.559999,17.950001,20.42,22.52,24.66,27.07,28.309999,29.68,34.080002,38.6465,43.101299,0.467964,24.190539,25.617996,1,60,18.296279,1,13.103943,171.713324,0.716208,23,0.367807,1.99712,11.36634,18.296279,7.480914,0.787735,-0.026158,0.408876,0.105299,-0.003497,1,1,2,5,6,8,12,17,22,27,29,31,37,41,47,99.642846,98.034428,158.515929,66121,105188,59.409566,54.686699,49.2586,45.158765,79.648271,73.019078,39423,36289,52853,48454,66358,107297
"77",80,"T20_P4",207.7867779,"C:\NRS_404_504\00_app\01_data\processing\07_polyclipdata\WebModelingApp_plot_80.laz","WebModelingApp_plot_80",118632,112584,69163,43421,0,0,0,0,0,0,0,0,2.01,49.16,20.225764,31.198095,11.673208,136.263789,0.577145,20.68,0.347371,2.082098,10.08402,10.099999,13.388096,20.225764,6.672158,0.595958,0.100352,0.329884,0.08932,0.01504,2.49,4.25,5.86,8.34,9.91,11.52,14.75,18.709999,23.469999,28.120001,30.59,31.65,36.049999,40.259998,47.32,0.386336,23.352603,25.760397,1,62,18.182708,1,13.349592,178.21161,0.734192,23,0.449015,2.082912,11.550643,18.182708,7.588425,0.972356,0.00882,0.417343,0.128137,0.001162,1,1,2,5,6,7,11,16,21,26,29,32,37,42,48,97.952102,94.901881,159.447096,69163,112584,52.187398,27.83073,44.138175,21.341628,74.157685,35.856619,36849,19651,52362,25318,70609,118632
"78",81,"T21_P1",86.4044535799999,"C:\NRS_404_504\00_app\01_data\processing\07_polyclipdata\WebModelingApp_plot_81.laz","WebModelingApp_plot_81",137193,131235,84746,46489,0,0,0,0,0,0,0,0,2.01,38.779999,16.727787,9.013809,9.032729,81.590198,0.539984,13.82,0.410146,2.147919,7.568489,6.61,6.436191,16.727787,5.149654,0.556786,0.244183,0.30785,0.108121,0.047417,2.56,3.94,5.49,8.31,9.52,10.59,13.06,15.24,17.83,21.309999,23.34,25.98,30.65,33.049999,35.610001,0.400266,19.010745,20.860335,1,48,14.086486,1,9.337936,87.19704,0.6629,16,0.335314,2.060479,8.044749,14.086486,5.340795,0.474018,0.053809,0.379143,0.088754,0.010075,1,1,2,4,6,7,10,13,17,20,22,23,27,30,35,97.943947,95.657213,151.672927,84746,131235,49.376481,81.983242,41.90447,74.087599,66.443225,117.472407,42723,70936,57490,101643,86525,137193
"79",82,"T21_P2",168.869899299999,"C:\NRS_404_504\00_app\01_data\processing\07_polyclipdata\WebModelingApp_plot_82.laz","WebModelingApp_plot_82",138783,133677,95741,37936,0,0,0,0,0,0,0,0,2.01,41.939999,19.770449,22.291904,9.103712,82.877579,0.460471,13.320001,0.06216,2.281835,7.520675,6.33,6.688096,19.770449,5.208297,0.02269,0.396057,0.263438,0.004356,0.076043,2.7,5.14,7.06,10.47,12.53,14.59,17.559999,20.59,22.620001,24.51,25.85,27.200001,32.189999,35.57,39.439999,0.44479,21.765744,23.325013,1,48,17.217973,1,10.434404,108.876782,0.606018,18,0.085791,1.882807,9.030806,17.217973,6.007571,0.123978,0.023386,0.348913,0.020637,0.003893,1,2,3,6,8,10,14,18,21,24,26,27,31,34,38,98.528368,96.320875,137.568822,95741,133677,59.583621,47.775571,51.117212,40.408407,73.007379,57.712692,57898,46424,70942,56080,97171,138783
"80",83,"T21_P3",121.8006584,"C:\NRS_404_504\00_app\01_data\processing\07_polyclipdata\WebModelingApp_plot_83.laz","WebModelingApp_plot_83",186852,178449,118896,59553,0,0,0,0,0,0,0,0,2.01,33.150002,16.342548,18.815715,7.207187,51.943548,0.441008,11.670001,-0.058302,1.991198,6.13461,5.790001,5.925715,16.342548,4.153481,-0.066132,0.139563,0.254151,-0.015922,0.033601,2.63,4.53,6.35,9.07,10.44,11.814,14.17,16.610001,18.889999,20.879999,22.110001,23.370001,26.200001,27.59,29.389999,0.460262,17.86119,19.028187,1,56,14.511541,1,9.492572,90.108931,0.65414,16,0.329825,2.082903,8.164618,14.511541,5.430672,0.463607,0.074387,0.374231,0.085368,0.013698,1,1,3,5,6,7,10,14,17,20,22,24,28,31,35,98.337551,95.502858,147.593172,118896,178449,58.11705,47.449258,48.736433,38.573309,75.318843,59.612426,70267,57369,91065,72075,120906,186852
"81",84,"T21_P4",298.422089599999,"C:\NRS_404_504\00_app\01_data\processing\07_polyclipdata\WebModelingApp_plot_84.laz","WebModelingApp_plot_84",180029,176716,109944,66772,0,0,0,0,0,0,0,0,2.01,44.869999,23.79878,23.099841,8.387904,70.356929,0.352451,10.48,0.131319,3.008553,6.494883,5.07,5.060159,23.79878,4.693825,0.190969,0.722978,0.19723,0.040685,0.154027,3.64,9.76,13.73,17.629999,18.77,19.709999,21.52,23.18,24.58,27.67,29.25,30.889999,35.080002,39.43,43.41,0.508371,25.233677,26.485872,1,49,12.928518,1,9.110513,83.001449,0.704683,15,0.479761,2.174886,7.831292,12.928518,5.172352,0.679598,0.067675,0.400073,0.13139,0.013084,1,1,2,4,5,6,8,11,15,18,20,22,26,29,34,99.627566,98.159741,160.134113,109944,176716,49.405102,55.682117,44.610591,49.644224,72.776041,80.987721,54521,61448,80312,89374,110355,180029
"82",85,"T22_P1",282.1495578,"C:\NRS_404_504\00_app\01_data\processing\07_polyclipdata\WebModelingApp_plot_85.laz","WebModelingApp_plot_85",183110,175061,111355,63706,0,0,0,0,0,0,0,0,2.01,45.049999,21.86181,27.28746,10.43672,108.925131,0.477395,17.030001,0.037248,1.906515,9.042389,8.82,9.407461,21.86181,6.013,0.061342,0.104105,0.275046,0.010202,0.017313,2.82,5.41,8.34,11.62,12.83,14.25,17.52,22.74,25.549999,28.299999,29.860001,32.150002,36.439999,38.099998,41.459999,0.461241,24.22526,26.028959,1,65,19.652207,1,14.055629,197.56072,0.715219,25,0.334842,1.9147,12.271538,19.652207,8.032297,0.801516,-0.102591,0.408722,0.099787,-0.012772,1,1,2,5,6,8,13,18,24,29,31,34,40,43,49,98.642017,95.604282,155.074942,111355,175061,57.741301,36.763872,49.416744,32.619191,80.156438,52.909964,65183,41502,90487,59729,112888,183110
"83",86,"T22_P2",175.716431699999,"C:\NRS_404_504\00_app\01_data\processing\07_polyclipdata\WebModelingApp_plot_86.laz","WebModelingApp_plot_86",146478,140024,89897,50127,0,0,0,0,0,0,0,0,2.01,39.23,18.325486,23.869365,7.849948,61.621682,0.428362,11.660001,-0.05782,2.364774,6.456055,5.73,6.379365,18.325486,4.486526,-0.111484,0.357381,0.244824,-0.024849,0.079656,2.6,4.93,7.03,10.86,12.54,14.05,16.67,18.68,20.82,23.190001,24.200001,25.09,28.200001,30.700001,35.049999,0.438353,19.936015,21.189419,1,66,18.506649,1,12.720753,161.817557,0.687361,22,0.313616,1.992598,11.02865,18.506649,7.279291,0.628638,-0.005592,0.393334,0.08636,-0.000768,1,1,3,5,7,8,13,18,22,27,29,31,36,40,46,98.268493,95.593878,153.063478,89897,140024,61.109957,34.210382,49.692787,25.661874,79.567342,41.089407,55904,31296,72789,37589,91481,146478
"84",87,"T22_P3",261.8027432,"C:\NRS_404_504\00_app\01_data\processing\07_polyclipdata\WebModelingApp_plot_87.laz","WebModelingApp_plot_87",85683,83396,56107,27289,0,0,0,0,0,0,0,0,2.01,44.73,20.865786,21.674762,7.798019,60.809096,0.373723,10.34,0.165056,3.28423,6.104411,4.99,4.984761,20.865786,4.341052,-0.040287,0.618342,0.208046,-0.009281,0.142441,3.5295,7.82,10.57,13.91,15.33,16.74,19.709999,21.610001,23.110001,24.690001,25.67,26.700001,29.18,34.169998,41.470001,0.441381,22.275309,23.494802,1,62,19.731966,1,13.001545,169.040178,0.658908,23,0.204851,1.954727,11.264003,19.731966,7.46213,0.395525,0.003764,0.378175,0.053004,0.000504,1,1,3,6,7,10,15,20,24,28,30,32,37,41,47,99.13423,97.330859,147.350566,56107,83396,64.943372,59.959008,52.884469,48.213765,80.062547,72.991501,36756,33935,45313,41311,56597,85683
"85",88,"T22_P4",408.4923221,"C:\NRS_404_504\00_app\01_data\processing\07_polyclipdata\WebModelingApp_plot_88.laz","WebModelingApp_plot_88",212152,209059,129654,79405,0,0,0,0,0,0,0,0,2.01,52.380001,26.202133,21.198572,10.396216,108.081309,0.39677,12.320002,0.555336,2.871341,8.218073,5.809999,5.668572,26.202133,5.759089,0.789259,0.803608,0.219795,0.137046,0.139537,4.75,11.27,15.03,18.370001,19.459999,20.379999,22.059999,23.99,26.549999,30.18,31.780001,33.540001,44.18,47.740002,48.939999,0.480289,28.189228,30.040289,1,60,15.959514,1,11.375315,129.3978,0.712761,18,0.525254,2.395724,9.661385,15.959514,6.441028,0.846346,0.172775,0.403585,0.131399,0.026824,1,1,2,4,6,7,11,15,19,22,24,26,32,36,44,99.877516,98.542083,161.046274,129654,209059,45.792794,72.08523,40.444587,64.209152,66.098157,104.936331,59445,93576,85804,136221,129813,212152
